{
  "ASISTEC, GONZALEZ RODRIGUEZ, SANTIAGO": {
    "color": "#c9fd20",
    "provincias": [
      "32"
    ]
  },
  "CENYMEN": {
    "color": "#369c74",
    "provincias": [
      "27"
    ]
  },
  "EDIGAS CANTABRIA S.L.": {
    "color": "#7422a8",
    "provincias": [
      "39"
    ]
  },
  "JAROSASUN, S.L.": {
    "color": "#cc9f9b",
    "provincias": [
      "48"
    ]
  },
  "Hidromasaje Aragon S.L.U.": {
    "color": "#1b064b",
    "provincias": [
      "50"
    ]
  },
  "SISTEMAS MANCLIMA,S.L. -S.A.T.": {
    "color": "#a40885",
    "provincias": [
      "08"
    ]
  },
  "AGUAVALTECNIC,S.L.": {
    "color": "#e482d5",
    "provincias": [
      "46"
    ]
  },
  "SILVANI EUROPE,S.L.": {
    "color": "#97d9f4",
    "provincias": [
      "07"
    ]
  },
  "HUMERTO ALEJANDRO P\u00c9REZ FRAIGOLA (IBIZA)": {
    "color": "#2f969b",
    "provincias": [
      "07"
    ]
  },
  "TELFOCLIMA (MENORCA)": {
    "color": "#2ad973",
    "provincias": [
      "07"
    ]
  },
  "BRAFON, S.L.": {
    "color": "#a084e9",
    "provincias": [
      "30"
    ]
  },
  "SERVICIO TECNICO NIEVES, SL.": {
    "color": "#171bcc",
    "provincias": [
      "28"
    ]
  },
  "EFFITEC, EFICIENCIA TECNICA Y ASESORAMIENTO": {
    "color": "#0e06b0",
    "provincias": [
      "18"
    ]
  },
  "GRUPO SANCAR TENERIFE, S.L.U.": {
    "color": "#46f209",
    "provincias": [
      "38"
    ]
  },
  "MIGARDI, MIGUEL GARCIA DIAZ": {
    "color": "#c9d48d",
    "provincias": [
      "35"
    ]
  },
  "DUQUE EXPRESS, S.L.": {
    "color": "#98b6c2",
    "provincias": [
      "47"
    ]
  },
  "ATG CLIMASAT, S.L.": {
    "color": "#b7603d",
    "provincias": [
      "41"
    ]
  }
}